10.125717163085938,0.027358316380716813,26.26397000771232,0.52418762,0.51957899,0.52404817,0.51957781
80.30914306640625,0.3294482984387357,52.468785091290584,0.01832837,0.01609132,0.01765001,0.01616624
12.025466918945312,0.34837868868382116,21.38105515770187,0.56602413,0.5590966,0.55986229,0.55893523
22.971878051757812,0.3165855382851721,38.04160617647443,0.11457952,0.10261426,0.10724804,0.10234747
12.392547607421875,0.02180670918085186,29.012527957942186,0.41041123,0.40436152,0.40996986,0.40437444
32.09440612792969,0.09027984748860854,41.02827842713247,0.17371908,0.16816912,0.17376419,0.16853579
48.05772399902344,0.11506483420483113,39.365121691899894,0.27873108,0.27343242,0.27933845,0.27287731
15.8265380859375,0.0,24.90276531772395,0.56326903,0.55726964,0.56303564,0.55728331
23.79730224609375,0.0608991140559576,30.441824795028197,0.43090913,0.42496801,0.43086937,0.42526743
111.82371520996094,0.0,43.43236610524217,0.0525083,0.04633409,0.05169511,0.04668945
11.8599853515625,0.5543957305432244,20.75937709225954,0.592503,0.58392285,0.58749447,0.58435748
27.758346557617188,0.0,22.75432500970048,0.62665506,0.62124016,0.62551104,0.62168592
13.481033325195312,0.09804061896298807,48.593647848777934,0.02263254,0.01980672,0.02073309,0.01985327
83.01786804199219,0.3436276799548535,33.037101472847475,0.33924633,0.33517288,0.34279142,0.33521191
25.230117797851562,0.29593656239851485,39.492171909163496,0.21252916,0.20932355,0.21146985,0.20912265
11.598037719726562,0.08992491769935822,19.38805621209159,0.65837503,0.65256583,0.65926933,0.65424637
77.04341125488281,0.0,34.366124491228554,0.3553817,0.34693508,0.35525833,0.34903383
36.9093017578125,0.13584255781410914,34.11584759785581,0.34860492,0.34412617,0.3520337,0.34373104
26.710357666015625,0.06730865847018054,35.97508988163689,0.2440032,0.23130252,0.23999916,0.23226451
147.30282592773438,0.18634999532000698,42.80496378838642,0.10570499,0.10166187,0.10611718,0.10142111
8.157638549804688,0.07285680981625274,33.50403202021696,0.37451957,0.3670031,0.37053248,0.36692266
21.461410522460938,0.0459036624381549,40.37134334467713,0.23413268,0.2286908,0.2340986,0.22908797
14.196823120117188,0.05973365660379323,34.984498190467946,0.36570346,0.3614259,0.3692878,0.36108194
97.88409423828125,0.23384578705971845,35.84778628865301,0.14166358,0.13033519,0.14158008,0.13017932
29.931396484375,0.3695244666592634,35.66150795298384,0.35072579,0.3449563,0.35143391,0.34480092
19.010635375976562,0.048286397226860324,29.558853087075452,0.43232141,0.42894617,0.43363423,0.42854944
23.298171997070312,0.24497707695445944,34.520646843478886,0.22997032,0.17577768,0.17765133,0.17578788
15.730911254882812,0.05638449601750358,21.21097353456647,0.64347682,0.63850003,0.64207849,0.63885044
38.03984069824219,0.18632138871286869,37.736269019948274,0.18152852,0.16755729,0.17286046,0.16781516
24.491790771484375,0.06144405229162248,34.42216200581956,0.30152283,0.29712246,0.30075275,0.29641379
19.13092041015625,0.027489407085945217,37.50987747847249,0.19766215,0.19205844,0.19588885,0.19229105
23.66607666015625,0.14836062600533997,32.37944584122694,0.39140303,0.38807196,0.39432191,0.38719721
9.080429077148438,0.03939064569964466,30.41229934447398,0.42991646,0.41518467,0.42412547,0.41535623
42.09822082519531,0.2673781818531891,41.1234232354241,0.19264149,0.18515398,0.18823753,0.18549384
17.081298828125,0.0672426169855741,30.608184607407846,0.44036798,0.4341453,0.43944421,0.43439224
22.807754516601562,0.11117853672106057,39.610912220486924,0.18429775,0.17885681,0.18480635,0.17814795
28.38299560546875,0.3671741088117903,37.537781831939526,0.28269829,0.27516655,0.2811979,0.27647893
18.8203125,0.05327659874843355,35.429495375485395,0.34397586,0.33698779,0.34169103,0.33712092
48.74052429199219,0.40201364114714094,38.97900598066338,0.33503712,0.32783484,0.32950729,0.32752879
12.975189208984375,0.011612024255517862,27.778931849251894,0.4550912,0.45206655,0.45609014,0.45203323
16.27081298828125,0.12734954951305646,37.991929983389795,0.18696556,0.18318974,0.19086057,0.18258508
22.939239501953125,0.36731911274040213,33.92809601878042,0.32271693,0.31472809,0.31788838,0.31473913
12.055435180664062,0.45213057166921927,26.993067118284152,0.41750352,0.40771277,0.40979286,0.40660661
13.938186645507812,0.23445926725605387,20.670172404893798,0.64155807,0.6370632,0.64181542,0.6369911
10.967788696289062,0.07195896182603409,32.18188364591628,0.41824405,0.41058212,0.41742781,0.41070618
24.5634765625,0.046889415932859946,38.160942529641375,0.17541298,0.15155992,0.15930644,0.15171578
10.99609375,0.3507030050972982,18.794029891544334,0.60623772,0.59890469,0.60040581,0.59859977
29.908432006835938,0.34224842196621047,36.463531147333484,0.32750527,0.3217597,0.32403472,0.32193857
21.237167358398438,0.24028796335518973,35.86965560704819,0.27172325,0.20628788,0.20788883,0.20618105
14.490280151367188,0.22557870450849896,37.32846779738494,0.28038505,0.27289766,0.27409858,0.27316881
12.504898071289062,0.35224454489072515,20.581806746935236,0.57641518,0.56542374,0.56737462,0.56581748
73.34449768066406,0.4685397111127447,46.4167093912016,0.17159231,0.16583704,0.17063967,0.1658001
64.10464477539062,0.4711032941656155,42.41857705007722,0.21167286,0.20307399,0.20745304,0.2029635
18.588287353515625,0.16644821764762843,32.6195112210543,0.31607101,0.30836303,0.3117197,0.30772355
21.5836181640625,0.16060697600232396,32.83439675644845,0.31289936,0.3050225,0.31004295,0.30504286
60.78303527832031,0.5367172415221337,29.338286448619435,0.20030355,0.19201481,0.19288351,0.19067447
15.776397705078125,0.13296734660337517,24.42856543810867,0.4341053,0.43094583,0.43480253,0.43108315
33.18748474121094,0.41337931343479345,43.02638101323633,0.0504343,0.0468489,0.05328459,0.04690065
106.89988708496094,0.0,46.23718310447608,0.17912353,0.17226524,0.17514048,0.17178661
72.28977966308594,0.45063165360975993,43.031123826927185,0.240034,0.23318041,0.23530576,0.23321098
77.82009887695312,0.0,35.849233726949414,0.30152141,0.29509434,0.30220536,0.29558805
13.436813354492188,0.44055923133532543,23.824462250070358,0.48703478,0.47930995,0.48104811,0.47868038
29.374954223632812,0.2917911621846994,33.033580549095845,0.30668086,0.29848698,0.30214081,0.29808418
53.973968505859375,0.4187832222608688,42.03046699919484,0.27079008,0.26380805,0.26596536,0.26398298
23.992080688476562,0.19029982682977362,34.30505131722312,0.30929466,0.29690256,0.30219959,0.29670352
12.169662475585938,0.47361346562493795,21.7038369238643,0.55751909,0.55042536,0.55450865,0.55051587
20.187881469726562,0.33323087694912096,41.57546573759369,0.21684969,0.20882493,0.21117213,0.20875264
9.51092529296875,0.09926121427950234,35.54122184424872,0.31134053,0.30666713,0.31507664,0.30734794
36.96098327636719,0.21956229861214147,40.45006848212188,0.25726795,0.24850653,0.25622147,0.24883251
59.827972412109375,0.0,33.39625267437195,0.39214428,0.38550532,0.3936517,0.38683132
35.47416687011719,0.10121665354634936,26.031076483348567,0.54171732,0.53478702,0.53930246,0.53504867
78.87837219238281,0.3535015615459532,32.57644140705806,0.19161617,0.17705671,0.1813627,0.17674985
71.35446166992188,0.430294604257173,18.464497912470986,0.64062195,0.63300383,0.63769188,0.63388566
67.60646057128906,0.27216966232388135,44.323176786160666,0.22737647,0.21931379,0.2202378,0.21863049
21.335479736328125,0.4057429273420234,33.197458267989354,0.38983164,0.38322885,0.38566205,0.38301064
25.462982177734375,0.23456151668482533,22.86894143142051,0.58212883,0.57648632,0.58295046,0.57648835
13.196884155273438,0.024714721626722603,42.42887657782738,0.19265893,0.18486639,0.19029998,0.18513861
19.843887329101562,0.11937787776294533,41.79698044601674,0.21268617,0.20940366,0.21455315,0.20973913
17.426406860351562,0.3765683712449249,30.644264373859084,0.4333188,0.42578963,0.43071139,0.42612709
32.065338134765625,0.0,31.844914973028505,0.34451319,0.33838133,0.34307337,0.33879566
26.226318359375,0.09105944080258796,41.72685608611428,0.0940919,0.08346134,0.08762894,0.0833936
9.269058227539062,0.44024866981438177,28.22991445319461,0.43399564,0.42519704,0.42735274,0.42357146
27.970870971679688,0.07279958468372802,32.552296773747216,0.39475206,0.3891645,0.3933917,0.38879974
72.93634033203125,0.5171245985704748,36.75174754307429,0.34958854,0.34281904,0.34402922,0.34296334
18.8525390625,0.25778104456453094,32.0516086755474,0.30707463,0.30167792,0.30388641,0.30169341
9.85626220703125,0.3122704535238733,19.629723604063788,0.6162567,0.6098438,0.61024606,0.60923669
58.11769104003906,0.0,26.909126097120453,0.47369568,0.4568056,0.46433311,0.45867492
90.25762939453125,0.0,47.362700003356586,0.14637324,0.14075375,0.14219431,0.14093784
15.632705688476562,0.08506954419956787,21.591280733605068,0.6035602,0.59706228,0.60261742,0.59666161
13.715957641601562,0.024695469973122896,37.41243004739785,0.30311801,0.29565004,0.30209942,0.29575764
22.459197998046875,0.3617880245055887,36.197801086659176,0.24593824,0.23725065,0.24062798,0.23815535
18.6939697265625,0.2614458539506025,36.38140044649355,0.25579852,0.25006149,0.25438919,0.25017297
11.74908447265625,0.1982061783183196,30.242651423333797,0.47895371,0.47327368,0.47825454,0.4726851
70.50949096679688,0.27621269226498363,31.653355171606698,0.19636206,0.18200487,0.18656769,0.18177506
22.961654663085938,0.2687832416682172,43.14470497852403,0.18140292,0.17637639,0.18058937,0.17622213
18.472259521484375,0.2069274686004849,35.40442075047466,0.3275505,0.3225444,0.32666907,0.32277615
128.49839782714844,0.4325784249169463,53.17853232843506,0.02047538,0.0187584,0.01991441,0.01847129
62.695831298828125,0.23855921561717844,28.88195085094403,0.41942108,0.41245483,0.41907492,0.41218474
6.3814697265625,0.2859060612966909,26.37396194409215,0.52219992,0.51710699,0.52015026,0.51712636
17.8343505859375,0.05194679688965524,39.96169404615237,0.1992191,0.19097273,0.19799643,0.19183666
15.740768432617188,0.02269097266897147,33.26793439286487,0.37033513,0.36348273,0.37053371,0.36396928
25.161880493164062,0.1050342627799096,29.083614772983594,0.45476883,0.45051833,0.4575952,0.45070986
27.400970458984375,0.0,31.21876418580025,0.32364082,0.31554516,0.32420525,0.31648516
57.17851257324219,0.3149869912715068,36.63953028204585,0.28650351,0.28010431,0.28437064,0.27961592
90.246826171875,0.49861299277931687,39.19027573273564,0.24925104,0.24136046,0.24950311,0.24176432
9.822708129882812,0.07655515111063102,32.04959061824847,0.35574276,0.34453355,0.35049735,0.34484682
24.252395629882812,0.2666164656628209,39.13318528978613,0.25846575,0.25310608,0.25507291,0.25339245
40.29595947265625,0.0,35.45319828077034,0.39235918,0.38446799,0.38576241,0.38415196
39.097503662109375,0.15970223850560492,42.79095764055555,0.16629689,0.15996847,0.16138249,0.15962476
34.01139831542969,0.07351903586613179,43.35991484097432,0.20394763,0.19944055,0.20539295,0.19962367
18.032180786132812,0.1478047785217009,30.993611651916,0.31410859,0.30507903,0.30733849,0.30540431
21.810806274414062,0.46235953067530333,27.599944228719767,0.4614681,0.45452816,0.45855845,0.45447703
16.099716186523438,0.0981170007933103,44.073011465878096,0.13176146,0.12795832,0.13365386,0.12778879
71.43318176269531,0.2832710757815092,42.04065473451879,0.23137754,0.22150153,0.2270008,0.22113311
8.461410522460938,0.011375171019719204,17.49342986163107,0.66725922,0.66291166,0.66671732,0.66265178
8.260604858398438,0.43515886982852303,12.115696251287467,0.7435017,0.73679598,0.74023406,0.73695677
24.477096557617188,0.5093194182294642,35.85920775783831,0.29403667,0.28675035,0.28925251,0.28751177
70.44731140136719,0.0,27.895833002109732,0.49274182,0.48466031,0.49023055,0.48444315
19.279037475585938,0.2921414173350581,34.927323814179346,0.27083497,0.26310864,0.26591737,0.26248378
24.2406005859375,0.3333958199328965,35.69109486103038,0.23844098,0.22726259,0.23037374,0.22698357
38.061370849609375,0.05621962857624655,40.628376964174095,0.05057114,0.0457359,0.04948385,0.04514691
15.49761962890625,0.42064813870034096,28.41498973122764,0.39790353,0.38873515,0.39285242,0.3888268
15.868728637695312,0.013741735667159359,28.287080638244834,0.4262839,0.4192141,0.42566059,0.4191894
16.603378295898438,0.17422434615948953,37.307905364756834,0.17276714,0.16183745,0.16805329,0.16266018
18.551239013671875,0.16934889103646883,30.734516591351294,0.41869835,0.41188529,0.41693878,0.41226959
14.900146484375,0.08115080611617359,24.860130279241776,0.4626974,0.45524675,0.46192303,0.45548273
71.80960083007812,0.2734898297919046,39.53318209382531,0.24769089,0.2420716,0.24932831,0.24184862
55.07225036621094,0.0,25.819027664448022,0.53490938,0.52926689,0.53560666,0.52962105
24.755325317382812,0.06707392772011629,40.39674601020803,0.19271023,0.18654514,0.19183195,0.18650815
96.82225036621094,0.0,34.56713881669852,0.26445658,0.25047261,0.25903313,0.2505151
16.643753051757812,0.2480104671794948,37.015428399588366,0.25506918,0.24740063,0.25403156,0.24662673
29.864913940429688,0.5186966646643015,35.839033404541055,0.28882156,0.2803456,0.2845753,0.28086412
24.027374267578125,0.3259582390914125,34.65584353248957,0.32933926,0.32172476,0.32852218,0.32253228
38.92359924316406,0.03150521996641718,39.434065808982446,0.05893731,0.05215912,0.05658421,0.05154765
10.398056030273438,0.47335494348622276,16.376489228459395,0.64279539,0.63449015,0.63483365,0.6344924
85.6630859375,0.4472726850872823,41.52310329709233,0.1727139,0.16878132,0.17613484,0.1689297
27.823043823242188,0.2449036146281601,38.11229871192636,0.20562636,0.20096473,0.20568047,0.20140055
61.247802734375,0.0,39.57653262430388,0.32302535,0.31514046,0.31669129,0.31513426
36.265960693359375,0.3057699528137453,37.7162619882672,0.08476516,0.07662316,0.08635913,0.07603688
19.20587158203125,0.22878437878319452,36.92148304983557,0.28470059,0.27850966,0.28470461,0.27932768
26.624786376953125,0.18751371035275197,30.98956886434292,0.44386223,0.43685501,0.44211196,0.43667034
15.384658813476562,0.05016309156153408,25.423577422135917,0.55230389,0.547957,0.55212054,0.54783522
11.314666748046875,0.41350829789969346,18.1498365476675,0.64027569,0.63361456,0.64012159,0.63346728
45.58155822753906,0.1869427193709435,29.402360251544774,0.47022086,0.46530493,0.47087894,0.46525653
13.21875,0.16041388156961828,27.55254045571852,0.47112141,0.46360851,0.46714802,0.46331975
72.54930114746094,0.0,33.04980992850156,0.38122504,0.37651257,0.38268219,0.37669569
26.412689208984375,0.41135541293323047,39.037290922057615,0.14210267,0.13601071,0.13916636,0.13536316
109.36985778808594,0.0,41.81227586629701,0.19642771,0.18972845,0.19889883,0.19292933
16.75054931640625,0.43833973208684585,28.83082601619905,0.47841359,0.47244565,0.4752183,0.47229934
11.166290283203125,0.2921652236525398,20.627452011688348,0.57032797,0.55501166,0.55927534,0.55593351
22.8095703125,0.32988410023557524,29.34610614671905,0.46131205,0.45355196,0.4580405,0.4544772
42.79704284667969,0.2882179560409464,25.621233341466205,0.51032757,0.5036216,0.510675,0.50371548
124.96162414550781,0.42533620492598184,38.13687871435197,0.25107074,0.23946723,0.24508813,0.23956138
18.01519775390625,0.43209923067766387,33.06913217804011,0.40210283,0.39673926,0.40149344,0.39701798
32.49665832519531,0.151114955566632,38.80411815558436,0.28168945,0.27652974,0.2802066,0.27591339
13.803680419921875,0.020827370966670804,25.106070449481187,0.50288512,0.49715982,0.50295393,0.49746914
14.2672119140625,0.18837930182709398,20.52111535230162,0.52712891,0.52233803,0.5243994,0.52268506
17.792068481445312,0.0493535519242579,26.757189215790547,0.4641346,0.45604964,0.46006488,0.45625823
16.240005493164062,0.02945577538396533,39.64918662993119,0.2846438,0.27734706,0.28424489,0.27723018
12.63140869140625,0.510456477448295,27.707092294759967,0.44563368,0.43864746,0.44312601,0.43855532
20.773651123046875,0.062210943571747154,37.91809565698006,0.13715145,0.13225462,0.13401856,0.1320708
13.043197631835938,0.07953290641870542,20.65398933118856,0.55293097,0.54556453,0.55181808,0.54563032
16.9700927734375,0.08593341055998463,39.410483967241014,0.14498783,0.13980527,0.14339303,0.14006851
40.7130126953125,0.2207768942518131,42.600134120867324,0.14319376,0.13764682,0.13848661,0.13778518
10.536407470703125,0.07395329146534958,33.031954220742854,0.39044177,0.38475888,0.39286375,0.38472288
10.24285888671875,0.04262428331304908,24.397306928686845,0.54607527,0.5399312,0.54537314,0.54022163
16.581344604492188,0.15448099024572096,30.006296559715672,0.42021094,0.41361992,0.41929295,0.41358233
9.514129638671875,0.056979764137972254,30.273413831525247,0.43102411,0.42655914,0.43294983,0.42631572
17.526641845703125,0.0,39.97883776346496,0.13931429,0.13106043,0.13311726,0.13040634
11.524429321289062,0.012342080010677402,27.611852792123038,0.4786732,0.47205975,0.4773571,0.47206434
20.411392211914062,0.12015171385521892,33.252855116785796,0.38544832,0.37984059,0.38711608,0.38034666
72.32456970214844,0.38122840239097394,46.75400164593418,0.16780902,0.16179682,0.16658181,0.16193015
33.68269348144531,0.29873473923388094,38.03064481524608,0.13002291,0.12319515,0.12729743,0.12286816
15.993820190429688,0.1674321839345664,29.085258617538628,0.38150426,0.36866534,0.37355672,0.36989643
16.130355834960938,0.33031652018441515,24.730293016367305,0.54533913,0.53941336,0.54146224,0.5396054
20.344863891601562,0.04436419114088327,29.399849805618537,0.47017141,0.46354705,0.46779068,0.46340902
41.36827087402344,0.0,35.49884573031689,0.36572335,0.35770383,0.3635939,0.35780536
25.909561157226562,0.4426661439666962,35.387561605423485,0.30980308,0.30185178,0.3070453,0.30274072
28.784286499023438,0.059115548076036264,31.693094527026393,0.35082595,0.33809573,0.34939162,0.33794675
15.324508666992188,0.020482374196092768,32.87784986206568,0.30705723,0.29966123,0.30651109,0.30005481
96.21780395507812,0.34142316431351327,49.620440890485305,0.02457749,0.02190356,0.02484932,0.0227082
16.500686645507812,0.5349964336607735,31.918982867597435,0.33310523,0.32516554,0.32688677,0.32484353
100.39109802246094,0.2611545713411614,38.4321388098924,0.25648421,0.25185547,0.25946838,0.25165308
10.684310913085938,0.21735430562592498,15.902384124215487,0.68727507,0.68297239,0.68974817,0.6832069
15.85595703125,0.2963679527965593,20.51611225782821,0.59275398,0.58131556,0.58502117,0.58087949
73.45376586914062,0.0,35.770458487932544,0.37626893,0.36913713,0.37479243,0.36901998
104.4715576171875,0.2634559787948136,39.42775239662342,0.28484335,0.2771099,0.28176097,0.27663427
14.899429321289062,0.2533347951198624,25.22501251311271,0.49603457,0.48732639,0.49274472,0.48736051
15.882125854492188,0.17824390349506378,27.403663636921127,0.47884466,0.47193814,0.47515995,0.47188961
12.6361083984375,0.17963853162234472,26.581560121751004,0.40615139,0.36845286,0.37796607,0.36775911
14.6187744140625,0.2674733060512953,30.502581723952904,0.39445126,0.38533186,0.38925408,0.38529463
73.07119750976562,0.5245847995343295,53.577986045315164,0.01226504,0.01176433,0.01270205,0.01103569
58.3079833984375,0.0,28.06175139190861,0.49838435,0.49270171,0.49849154,0.4925492
21.518096923828125,0.05855903176222742,27.253673505679757,0.50001101,0.49355123,0.49858679,0.49371153
97.55776977539062,0.4740271388599378,41.03920388184564,0.12722566,0.11692807,0.12720012,0.11693464
14.820526123046875,0.04816494256534405,32.7955419504199,0.14714593,0.13573959,0.14606633,0.13816811
9.574813842773438,0.12210434946344544,33.13249838341558,0.34027581,0.33498541,0.34166738,0.33515836
35.019927978515625,0.4030032632794814,32.61775390081827,0.43470719,0.42854863,0.43272023,0.4286306
23.737594604492188,0.11115084775837669,39.49665961443584,0.18661074,0.17678817,0.18266486,0.177123
18.564208984375,0.17819655448748284,35.12194594274587,0.35998874,0.35219328,0.35767638,0.35203707
26.324874877929688,0.07555228441670683,37.762689175685296,0.14547535,0.14060288,0.14467489,0.14103796
23.030029296875,0.08364291621343524,32.87683714050845,0.40661297,0.40052669,0.40758473,0.40057128
11.857818603515625,0.0,19.761746336227773,0.61346631,0.60884355,0.61414556,0.60912583
9.994155883789062,0.3201019419572761,21.501799165372,0.51893721,0.50601389,0.51228316,0.50710023
18.532302856445312,0.39824796559930736,31.860361661288266,0.33028151,0.32222818,0.32506909,0.32228225
11.360427856445312,0.10646983239285127,28.210646914827368,0.51974668,0.51289059,0.51956365,0.51347743
50.59629821777344,0.06596177962096465,39.83349805169071,0.12817465,0.12064247,0.12564618,0.11965462
16.473617553710938,0.19025270882614867,33.677880706821114,0.25902388,0.24147261,0.25604456,0.24127262
16.845535278320312,0.2577632767885501,31.51227520116956,0.28263764,0.27631322,0.28498241,0.27710598
28.760284423828125,0.15601042031296156,51.33305252197119,0.01697054,0.01581746,0.01675391,0.01574154
12.911636352539062,0.3135176316400956,25.69476175608437,0.53479629,0.52959224,0.53677606,0.52927334
46.605865478515625,0.31468438199432114,27.332622182946764,0.48251953,0.47730196,0.4826637,0.47763214
54.921630859375,0.1793916189400134,33.71094029965501,0.36008718,0.35308435,0.36079257,0.35347484
23.586334228515625,0.237974224405854,33.25328248843794,0.27038917,0.22118386,0.23045048,0.22148
23.954086303710938,0.03955370768722362,31.20650572558997,0.43973254,0.43421947,0.43955145,0.4345408
15.2650146484375,0.0458780518809223,36.651075157456134,0.25357916,0.24739935,0.25635269,0.24706565
15.638946533203125,0.153996436172024,22.305660914344543,0.42551729,0.3624909,0.38083301,0.36241974
10.361663818359375,0.34590017277423724,19.554298625556115,0.61271879,0.60592743,0.61033207,0.60667929
115.53190612792969,0.0,54.22058180607605,0.01284248,0.01026233,0.01123172,0.01045002
16.6500244140625,0.0,25.454577212105377,0.43420956,0.42742651,0.43169661,0.42735647
11.172607421875,0.2809349784333408,24.28598094205303,0.51602567,0.50531506,0.51167738,0.50667063
18.266403198242188,0.05565163677128183,32.51315066176149,0.36290941,0.35567189,0.36227905,0.35575413
24.156600952148438,0.2757930034834337,33.9193382604652,0.3510943,0.34333098,0.34435205,0.34364033
96.69990539550781,0.0,45.166498306933256,0.06265826,0.05521223,0.06004646,0.05542651
12.844009399414062,0.5099814913095311,27.796430102473597,0.50890163,0.50258281,0.50864723,0.50248488
13.244338989257812,0.0939606719389882,27.28965827203557,0.49069202,0.48381436,0.48954847,0.48394056
21.901901245117188,0.19674006296075847,32.85460714255515,0.34427923,0.3371331,0.34078867,0.33754324
10.918136596679688,0.03879938407126269,20.427130480485964,0.62745236,0.62178502,0.62592152,0.6219419
22.3013916015625,0.0502456383678911,34.36963980477032,0.19713415,0.19086619,0.19834213,0.19116502
14.737899780273438,0.21456521424855263,32.64387260239824,0.25064657,0.24320487,0.24866395,0.24284788
15.709197998046875,0.057354296825882736,23.512763346784617,0.56530933,0.56008098,0.56468669,0.56006122
13.1527099609375,0.015499916223058234,35.0897580899918,0.35739394,0.3528275,0.35910736,0.35272483
12.951080322265625,0.022312907959456063,26.345319208674383,0.46845689,0.46218662,0.4681497,0.46199088
98.82498168945312,0.0,49.81502225942694,0.11126417,0.1067019,0.10981009,0.1068635
12.36944580078125,0.09627049557973685,31.12065886722285,0.41434167,0.40801472,0.41408318,0.40797781
18.688446044921875,0.03693882962382482,39.892011783838086,0.1502558,0.14687523,0.158207,0.14664757
83.31753540039062,0.015449566670360713,19.50129572787625,0.619135,0.61457158,0.61865977,0.61481464
20.862533569335938,0.25437547026526314,28.408754826258914,0.46668884,0.4625178,0.46753477,0.46208841
18.600906372070312,0.3404477823140128,35.21371157012973,0.34753968,0.33922216,0.3459721,0.33999969
18.727859497070312,0.2771264460419302,34.479335029416475,0.1482824,0.13576675,0.14281072,0.13538897
5.319976806640625,0.09201225956462626,14.414510095784149,0.76885259,0.7659434,0.7691631,0.76586604
28.40313720703125,0.04606694587007629,23.119123249098692,0.5553748,0.55182411,0.55697882,0.5518818
68.42173767089844,0.015362102188956306,29.786741137155072,0.20317848,0.19412227,0.19911109,0.19462474
73.79888916015625,0.1870051587275358,31.553724397738122,0.33430936,0.32496882,0.32782409,0.32519194
29.312515258789062,0.06791067819235426,37.44873355840885,0.3254129,0.31932859,0.32096241,0.31922654
28.582366943359375,0.04481366251817002,41.63083341328837,0.19535573,0.19226039,0.194286,0.19228004
17.001800537109375,0.203894505436934,34.61541047032382,0.26085295,0.25719691,0.26461521,0.25696836
28.686737060546875,0.20499832812607072,39.363331757141594,0.08885105,0.07550951,0.08237254,0.07845584
17.974044799804688,0.2977872752841553,23.976974437055965,0.54884792,0.54360427,0.54868446,0.54351882
12.992599487304688,0.23191447279275376,31.92547120313767,0.41869901,0.41228838,0.4128905,0.41175399
109.65196228027344,0.4890001079213796,42.5666566073695,0.11952369,0.114978,0.11939208,0.11579405
79.34060668945312,0.3907761466400137,32.62380627654791,0.44151543,0.4340294,0.4397338,0.43422496
12.31903076171875,0.3576052035598881,23.131698945135387,0.54686335,0.53971975,0.54398812,0.5402389
26.723388671875,0.048732590348217156,35.34118371825766,0.25840106,0.25258124,0.25710211,0.25239564
14.419021606445312,0.30925710712832616,30.07034010943451,0.31173014,0.30737558,0.31186292,0.30843571
19.960647583007812,0.06641616904889579,36.33088314392499,0.3060932,0.29980703,0.30533994,0.29955747
47.6307373046875,0.41853524588984986,39.59666820314598,0.07779536,0.07094841,0.0767118,0.07165571
13.532363891601562,0.21362085989765006,28.319364528048304,0.4957146,0.48879489,0.49015632,0.48857773
46.958526611328125,0.2668812840257612,41.417438322800805,0.22010224,0.21247562,0.2153989,0.21281174
23.680648803710938,0.3681209089741166,39.81669567668968,0.23670796,0.18799961,0.19055058,0.18909193
79.1126708984375,0.4589419558147488,50.49821811580522,0.03329303,0.02869682,0.03161417,0.02824385
19.399749755859375,0.14417528723515613,37.42533517328311,0.25330444,0.24833933,0.25142096,0.24822589
45.66143798828125,0.32952476575102996,34.21187004200289,0.40590806,0.39879474,0.40173553,0.39871228
45.13397216796875,0.27628985480184476,35.15741348490753,0.28537205,0.28007605,0.2884864,0.28037074
13.248489379882812,0.009016125591677875,26.08386811303529,0.45641668,0.45010014,0.45677427,0.44998221
23.706619262695312,0.28308014970060064,36.60191290951659,0.31929409,0.31304381,0.31583115,0.31200022
15.723358154296875,0.0,18.994447251315762,0.59920455,0.58979173,0.59725306,0.5891559
21.762054443359375,0.10252328417739022,33.189755854983154,0.38095295,0.37341927,0.3802307,0.37319001
20.619354248046875,0.1125561243804301,29.605653339692484,0.44828748,0.44150559,0.44810938,0.44108465
13.788436889648438,0.3589321976602511,20.503746918896475,0.54224673,0.53134826,0.5354192,0.53105658
110.87435913085938,0.3821116062505934,46.55439101373384,0.16914931,0.16207901,0.16545262,0.16247712
39.5478515625,0.17585745291636762,38.27114496040103,0.18820282,0.18482046,0.19265309,0.18461931
9.223297119140625,0.07205327090675509,34.289252211303605,0.37277617,0.36558525,0.37274821,0.36537009
25.47320556640625,0.17765828481997106,41.37792947044162,0.15423459,0.14561994,0.148395,0.14675372
55.73646545410156,0.3742037683683427,32.81526061754602,0.29047344,0.28528849,0.29276884,0.28561297
49.32780456542969,0.16746056944469925,36.696831141529955,0.27409857,0.26735317,0.27553112,0.26729313
99.86761474609375,0.31743510233043737,33.65430266430719,0.14764749,0.13296418,0.14213073,0.13345652
10.474594116210938,0.2893266792401819,22.632620061414805,0.51244876,0.50162698,0.50586413,0.5011344
11.61260986328125,0.01140527659123373,27.829324220035065,0.36987556,0.35083126,0.36123224,0.35101796
34.441070556640625,0.33999851284145866,49.14082173521122,0.03075393,0.02694199,0.03002021,0.02731625
6.8936309814453125,0.10091064273714641,14.960764421924086,0.72263759,0.71756535,0.72258197,0.71741554
78.61361694335938,0.0859883335174881,29.705038426832598,0.30960045,0.244907,0.25128321,0.2449306
47.8492431640625,0.2999061013366268,40.335367792533276,0.13181449,0.12605251,0.14165695,0.12606243
17.306137084960938,0.14448906592778205,30.116042401236374,0.3357746,0.30538325,0.30916103,0.30606965
13.236953735351562,0.4172038850213008,21.717987510467204,0.55249243,0.5451992,0.54715977,0.54493345
12.652664184570312,0.09426809466626951,34.7235893524381,0.28422658,0.24738555,0.25677736,0.246803
25.895233154296875,0.4255450213990866,27.129267781779483,0.52654725,0.51950927,0.52728474,0.52028093
24.565231323242188,0.18486798516995465,33.69562052570712,0.40708345,0.40080936,0.40567944,0.40052263
13.804611206054688,0.16841220139650379,35.825952412715225,0.36717612,0.3594863,0.36241512,0.35937898
33.78025817871094,0.22250487650055645,23.611415512474473,0.56981308,0.56359679,0.56874706,0.5637317
81.2752685546875,0.0,40.6825192081247,0.28314556,0.27541658,0.27851593,0.27549974
14.99371337890625,0.0879494592113992,31.613059665550104,0.41249896,0.40758083,0.41382784,0.40766256
41.257293701171875,0.32559911449068185,29.25943894954728,0.46686771,0.4601365,0.46692144,0.45966847
6.5673675537109375,0.2590168233070077,20.308312949909332,0.49681044,0.48954897,0.49995118,0.48932885
27.3968505859375,0.06405400618494536,43.08820137860214,0.13481976,0.1308127,0.13367003,0.13082633
19.032150268554688,0.06295137271373005,34.1184845597551,0.16595157,0.15033947,0.15551656,0.15025936
44.64512634277344,0.3447251201263975,27.895567678265277,0.50992001,0.49864534,0.5028069,0.49861505
16.687881469726562,0.33836624887503763,31.53163701069728,0.29570517,0.26142501,0.27533276,0.26144209
18.210357666015625,0.4816692998932077,32.72896008374952,0.39963143,0.389734,0.39109055,0.38987892
17.212615966796875,0.15197596970253002,32.50469072169068,0.37919725,0.37211178,0.37844761,0.37199505
34.086212158203125,0.3124200728863957,32.94471905190126,0.32917754,0.32088695,0.32339833,0.32135872
10.422988891601562,0.030711076730053705,34.09518098814716,0.2884613,0.21628617,0.2190142,0.21625079
11.194671630859375,0.41809618755906436,18.29342063172212,0.63692117,0.62920842,0.63370469,0.62963191
25.382598876953125,0.12209961104470717,35.968645531542606,0.3607519,0.35366836,0.35623634,0.35405523
29.680191040039062,0.38072803013813994,27.170976194880126,0.48982864,0.48381074,0.49004786,0.4835194
98.67512512207031,0.0,33.93781370789444,0.32514673,0.31928214,0.32626939,0.31905871
47.833984375,0.3307695558823246,36.900699990767656,0.35616332,0.34812944,0.35195755,0.34813029
22.413223266601562,0.159824880091569,38.38397256247768,0.24634157,0.23882961,0.24246732,0.24051761
37.75897216796875,0.0,31.069500831439406,0.44217906,0.43495394,0.43786864,0.43503229
87.39219665527344,0.0,43.449466346731235,0.19956991,0.19059854,0.19640186,0.19275218
8.86383056640625,0.02167683424583781,27.36325733132312,0.45714673,0.44969945,0.45801233,0.45015757
35.54075622558594,0.061968371761464545,40.91502602673499,0.18715921,0.18398335,0.19080111,0.18422099
29.008865356445312,0.32364933266506823,25.827566288418286,0.54947949,0.54314733,0.5485517,0.54304298
12.6895751953125,0.0,37.806261056224564,0.2416618,0.19793094,0.20209781,0.19764225
16.660385131835938,0.4047993014216962,23.073165132328405,0.60730715,0.60327992,0.6068896,0.60284424
7.472747802734375,0.07461168329813574,20.426266132218128,0.6521693,0.64813629,0.65362582,0.64788502
11.377197265625,0.0,25.72590780372556,0.43069234,0.41597367,0.41874332,0.41638979
20.566009521484375,0.054983876957519634,28.946196619071863,0.46453813,0.45869441,0.46278565,0.45886241
13.828842163085938,0.0,15.81227429700767,0.69507749,0.6904083,0.69476953,0.69059061
58.129638671875,0.0,25.817289918450385,0.52045888,0.51357735,0.51966863,0.5131208
17.847488403320312,0.022153406322983044,29.367583146131786,0.31477834,0.2591545,0.27273592,0.25924484
29.29827880859375,0.07229986264045558,36.702815929547,0.32651291,0.31998142,0.32514407,0.31997493
39.966339111328125,0.0,26.321969767807452,0.55759252,0.55195277,0.5572594,0.55200612
49.21772766113281,0.0,22.07382356206184,0.6200539,0.61407378,0.61822386,0.61409098
8.262710571289062,0.4709205049197582,29.455985585644747,0.16656291,0.15085651,0.15102437,0.1508633
23.453887939453125,0.12826757912112677,31.440909388088443,0.34924372,0.34373796,0.35147032,0.34389844
12.353561401367188,0.027202791346564524,27.20670165673698,0.47882584,0.47317795,0.47826587,0.472829
15.322311401367188,0.07908729123404167,19.660843421863056,0.65647055,0.65144869,0.65517449,0.65177319
61.080108642578125,0.07807355704918811,30.78788977336979,0.22955914,0.22084884,0.22548855,0.22207595
18.513397216796875,0.02330455427447255,43.5698441906357,0.1233751,0.11775167,0.12160983,0.11707779
19.868865966796875,0.25676509230999334,33.40361421032662,0.25901911,0.22093673,0.23162319,0.22081562
17.49200439453125,0.3239062036868633,44.502771521068254,0.22289833,0.21800772,0.22050877,0.21786072
90.59030151367188,0.0,31.62074576409996,0.37825408,0.37044238,0.37796486,0.3701543
79.58334350585938,0.043220058529800265,29.98704072160243,0.25230928,0.24613484,0.25332437,0.24542619
14.725692749023438,0.11314011904204666,26.33539512721964,0.44280873,0.43489648,0.4386619,0.43512853
23.819412231445312,0.018376396251340743,37.197343595255994,0.09790529,0.08984458,0.09490689,0.08882434
19.3114013671875,0.06947131211595951,28.44124326772505,0.45975374,0.45459688,0.45911326,0.45421999
13.982589721679688,0.37468464478127533,23.795837242946483,0.52938986,0.52259318,0.52713425,0.52302991
26.5096435546875,0.15660892054057868,41.13020025606698,0.0530952,0.04256429,0.0439646,0.04245015
60.289031982421875,0.33806886315601975,36.37056309614289,0.35423173,0.34736666,0.35130075,0.34817709
16.908233642578125,0.0447727961269801,28.73623145362599,0.38202825,0.37544891,0.38313303,0.37572715
24.980255126953125,0.1821834097678115,33.81590039889834,0.30608945,0.3002423,0.30565484,0.29997058
37.86004638671875,0.23332185699466648,28.676302632889822,0.48222546,0.47544923,0.48290826,0.47605659
76.46714782714844,0.29936318717843435,47.08920042674088,0.13056226,0.12640786,0.12851641,0.12614759
26.88739013671875,0.25794188014308805,37.57875688287498,0.22455433,0.17427902,0.17635443,0.17426401
16.458099365234375,0.48237628783262065,28.422380915797305,0.29939859,0.28742932,0.29039054,0.28724382
12.478256225585938,0.23247646700332758,23.887297624837487,0.529377,0.52288846,0.52602376,0.52248677
32.52854919433594,0.0,23.511832331296095,0.59360657,0.58601486,0.59385626,0.58676722
17.48699951171875,0.12583939319866916,31.34948145250821,0.39861117,0.39227012,0.40029246,0.3924783
55.98710632324219,0.0,29.874223094066693,0.44116883,0.42762921,0.43678886,0.42741647
17.669540405273438,0.4288426471403519,39.181862805640336,0.27151103,0.26351148,0.2670209,0.26414452
33.48713684082031,0.08341324350821805,38.25696851378864,0.25425051,0.245695,0.24954897,0.24553625
15.534698486328125,0.10992348923960195,35.98012470591476,0.2974126,0.29251526,0.30007728,0.2926934
13.25,0.010930759228183273,30.423772495208425,0.40485181,0.39882168,0.40474557,0.39909316
37.820770263671875,0.414247877794933,32.22596113455167,0.40244894,0.39531968,0.40027269,0.3952794
21.106277465820312,0.06807075474451413,37.546166557335795,0.26706182,0.26152173,0.26836309,0.26169704
12.820114135742188,0.15931000308754695,26.192134475598127,0.52506009,0.51902759,0.52491285,0.51883309
26.062973022460938,0.2757966094288235,38.52599546158784,0.20102454,0.19620791,0.20080904,0.19682606
142.04214477539062,0.3007369679345681,47.65429580696953,0.07105483,0.06632785,0.0686312,0.0657616
21.552719116210938,0.048705998827463404,32.08365765211503,0.38841526,0.38246926,0.38843728,0.38221521
19.690948486328125,0.2033428081101109,26.268182019745403,0.48972486,0.48257546,0.48783438,0.48339641
15.792068481445312,0.29514081782899737,37.90657579595503,0.2362238,0.22910397,0.23553695,0.22877343
44.094329833984375,0.07557130313245462,39.4958475204999,0.06528364,0.06044758,0.06614254,0.0616846
8.627288818359375,0.557433466109351,28.879445094683547,0.45976108,0.4532776,0.45817232,0.45265314
12.464492797851562,0.5198736798528584,24.491646980345188,0.50221957,0.4839774,0.4871852,0.48493316
14.985916137695312,0.3511523452517781,29.868615228323577,0.37010679,0.36259398,0.36750307,0.36270068
21.62249755859375,0.2832616365336464,29.345298331345933,0.43323239,0.42617075,0.43258566,0.42530372
21.924270629882812,0.22439315416586308,27.929979744677738,0.4654917,0.45422375,0.46121494,0.45541529
26.08795166015625,0.18857435696038735,29.68543051827799,0.45159729,0.44489628,0.45083279,0.44460542
124.69911193847656,0.0,37.10266487676855,0.19560015,0.18844244,0.19500412,0.18830742
31.28668212890625,0.41373578644964243,28.021933230858693,0.50779062,0.50274207,0.5082683,0.5024102
60.45155334472656,0.12658562720173655,32.25019696531241,0.3574689,0.34940864,0.35652282,0.34947269
55.14979553222656,0.2883549653921189,42.531471338089816,0.17922827,0.17368439,0.17736956,0.17368615
74.44648742675781,0.0,42.830332086475465,0.20512505,0.1988469,0.20085429,0.19929196
17.46673583984375,0.12861140128441612,38.72022816268332,0.19517046,0.18664405,0.18913771,0.18614802
13.580551147460938,0.20999133243287513,26.78320068094004,0.48863085,0.48444656,0.49069264,0.4842607
21.077987670898438,0.07400346035924556,34.892477715941276,0.33818069,0.3307825,0.33815443,0.33061961
76.80183410644531,0.43347487607463103,52.643977745225726,0.01516817,0.01282116,0.01390492,0.01262135
6.9694366455078125,0.06440757684009463,29.55677016151398,0.33543493,0.2832152,0.29541242,0.28353653
11.754669189453125,0.04699649235306691,24.853967400777584,0.52063499,0.5150064,0.52089851,0.51477413
14.920684814453125,0.17713819161305275,27.59948139840132,0.36958547,0.28177019,0.29199833,0.28165544
61.25666809082031,0.0,39.1044168414915,0.28798046,0.28266499,0.28777707,0.2836133
14.549468994140625,0.33670800863399253,27.320987629460717,0.3722537,0.36279266,0.36475809,0.36327929
14.271514892578125,0.1226450879399364,29.439508813459014,0.47190086,0.46587307,0.46803423,0.46617313
25.712127685546875,0.16291758974228962,30.80478786649836,0.43951387,0.43546405,0.44030008,0.43527801
70.37295532226562,0.21322190393728482,40.02018916023462,0.23872203,0.22458496,0.22996647,0.22343313
24.3341064453125,0.08910414300178146,31.188503233354954,0.39946887,0.39271097,0.39840232,0.39261447
11.901412963867188,0.014550587625812805,32.80894403120961,0.33014536,0.31996417,0.32684878,0.3208711
19.908950805664062,0.2977651400706707,36.94582737786234,0.3121979,0.30488448,0.30757852,0.30464843
11.372589111328125,0.07964237181102207,29.540437294000903,0.4267198,0.42129523,0.42684993,0.42104555
14.129562377929688,0.34347126114241594,26.795234526570354,0.40672663,0.39735832,0.40177684,0.39731022
20.631637573242188,0.2168566046504933,35.77391908900886,0.27597122,0.26838986,0.27178202,0.26848874
19.641281127929688,0.017117262920613784,36.63856383861039,0.21259976,0.20762968,0.21404978,0.2077186
6.975006103515625,0.0485523792405765,23.04791937730918,0.58967279,0.58536275,0.59087105,0.58577476
21.40863037109375,0.42835671660396646,31.411336737074436,0.43278723,0.42573841,0.42712117,0.42511223
12.685028076171875,0.47706635665469205,13.023493733094533,0.72736647,0.71816472,0.72154568,0.71796097
18.726943969726562,0.025919400598856744,22.893178548088,0.52311218,0.51847929,0.52219618,0.51850504
14.945114135742188,0.020351959574881624,40.27291178670352,0.23294403,0.22597911,0.23295692,0.22586791
30.357101440429688,0.27579843294032863,50.778621576564554,0.04158048,0.03942721,0.04139611,0.03959011
20.954376220703125,0.08991622315861471,34.01530596586586,0.32155791,0.31120385,0.31650498,0.31133567
14.268936157226562,0.24265196445441364,40.80091375707915,0.15970251,0.15390617,0.16079785,0.15350407
80.27995300292969,0.333484529414286,38.178488516248585,0.12031618,0.10899683,0.11439992,0.1078384
16.99005126953125,0.2303353456692078,32.16596022917942,0.21486611,0.20854567,0.21324659,0.20896201
11.527664184570312,0.1255579672101715,32.71868831805557,0.38974371,0.38322717,0.39056642,0.38321944
58.546600341796875,0.5264781344699975,44.88198233236878,0.10477101,0.09845625,0.10215361,0.09973722
23.869598388671875,0.07011032016838635,31.06675941640087,0.34120942,0.33679326,0.34593371,0.3359454
80.77297973632812,0.18110253667593995,41.636576404878014,0.24621563,0.23848802,0.24405628,0.23875022
17.105255126953125,0.20055684284516345,31.270786121068333,0.37883902,0.37208919,0.37880523,0.37193615
22.790542602539062,0.27609635845871844,30.643096288609975,0.31696276,0.30854856,0.31181541,0.30908943
21.793472290039062,0.16576866394958104,37.79904418791726,0.10014429,0.08930006,0.09298405,0.08794387
18.53173828125,0.2079323773736883,25.229083754306323,0.43577754,0.42726886,0.42968826,0.42682858
18.584945678710938,0.30450786422737036,42.77338490759745,0.08195708,0.07881349,0.08452543,0.07853063
21.046157836914062,0.12920383924061396,35.019909405098055,0.2628271,0.2549358,0.25825397,0.25530998
46.89091491699219,0.0,33.15978237056269,0.43127837,0.42400612,0.42729558,0.42410643
17.081634521484375,0.17413868479115288,24.178769736593335,0.54443426,0.53892256,0.54360729,0.53882847
45.4296875,0.19876046235176903,23.592670721855896,0.56591341,0.5606106,0.56473464,0.56021874
15.150558471679688,0.4149429952408887,27.143602448657862,0.41074526,0.40406709,0.40527052,0.40400023
10.492385864257812,0.17912821200667764,17.547862008152947,0.65271772,0.6486584,0.65385986,0.64846616
16.30908203125,0.3038763410897734,36.46448940193369,0.37145274,0.36579697,0.36735151,0.36621827
78.78553771972656,0.3252136313198024,36.5633465380477,0.33094304,0.32496145,0.33095756,0.32496017
14.431121826171875,0.2751345803796393,28.92999535549535,0.4574997,0.44642319,0.45420171,0.44638287
119.07496643066406,0.4367584251580062,39.896459003324956,0.24326723,0.24030361,0.24747028,0.23998333
60.952789306640625,0.0,32.30397494011662,0.44747666,0.43902121,0.4431797,0.43955676
18.4134521484375,0.5639655963943054,38.68154611790209,0.12441382,0.11885876,0.12190219,0.11972661
75.47349548339844,0.0,41.97630837930755,0.24693659,0.2366669,0.24052549,0.23820088
20.43560791015625,0.051416557030883554,27.327453812498778,0.45478048,0.44911178,0.4550183,0.44939753
17.542709350585938,0.24043066523269818,28.769808326801417,0.45659508,0.44954078,0.45346381,0.44973305
12.222015380859375,0.21041981583796926,26.589144273303667,0.50537987,0.49822987,0.5002803,0.49769259
25.870132446289062,0.029219388932068,35.1185422856934,0.34877867,0.33996365,0.34610657,0.34002669
9.052169799804688,0.20580442601951132,18.562360547238526,0.65095293,0.64733466,0.65254494,0.64732131
18.7174072265625,0.29016334661931564,25.156698038452852,0.43667396,0.43050445,0.43709234,0.4300789
22.962539672851562,0.41960843058201525,30.98163657662964,0.39529895,0.38882598,0.39641459,0.38905043
14.780715942382812,0.06387534685404979,33.33700072533119,0.27915489,0.26397379,0.28163961,0.26354252
25.518157958984375,0.16496350062641857,36.161087664482835,0.21150597,0.20323109,0.209338,0.20435371
30.076919555664062,0.23825396859008674,35.94891286547757,0.12244755,0.10890466,0.11322051,0.10779348
58.00956726074219,0.18272532399808267,31.8794547193126,0.36847225,0.36002601,0.36719193,0.36014314
23.623550415039062,0.13442488664065885,28.779378511735306,0.50022544,0.49587105,0.50085307,0.49541997
56.25971984863281,0.445929444090172,33.90819238100682,0.38660398,0.38137476,0.38719421,0.38090868
73.06669616699219,0.02783535775576256,37.84810509116691,0.14306111,0.1279101,0.1317744,0.12911896
13.305587768554688,0.3781005784419831,17.781862795151017,0.69334744,0.68969954,0.69332875,0.68988109
112.40371704101562,0.0,51.08166219236887,0.06509996,0.06262723,0.06526684,0.06271791
6.7725677490234375,0.19425556688963275,28.221979568510267,0.4636156,0.45654053,0.45976425,0.45665781
54.42366027832031,0.0,40.3438845259253,0.26489436,0.25631148,0.26529829,0.25638624
56.76930236816406,0.02234424517012287,32.29919705096354,0.3612021,0.35672233,0.36163725,0.35609117
15.127166748046875,0.42492967268671483,26.111331329888312,0.4309591,0.41502508,0.41857947,0.41525808
19.537933349609375,0.04331836862545133,36.2741200451142,0.21470674,0.21016346,0.21638534,0.21047366
18.943588256835938,0.059084026952072266,39.38683729385367,0.15832117,0.14913708,0.15157668,0.14856393
65.14529418945312,0.07113025449436593,39.01685665590842,0.07706298,0.06749894,0.0720551,0.06832279
12.4884033203125,0.31729910849380394,23.50787173728947,0.50738156,0.49981452,0.50024645,0.49924003
30.0047607421875,0.0,28.041975694059232,0.4500854,0.43486384,0.44378147,0.43553441
88.24710083007812,0.32038817619050775,42.21569920865322,0.19120991,0.18269161,0.18723996,0.18194136
35.06425476074219,0.36700457520030516,36.27290020603607,0.31047652,0.30324741,0.30455993,0.30320544
72.1693115234375,0.2847266788781086,33.66733543495879,0.33531007,0.33050876,0.33726148,0.33082442
22.373641967773438,0.3145585378456479,38.15845521543989,0.17005667,0.16276544,0.16393721,0.16272409
34.42713928222656,0.44757689390780847,44.657887794724445,0.05725827,0.05292365,0.05512462,0.05284544
11.715011596679688,0.29366255986379963,20.72939596412209,0.5644059,0.55041068,0.55447213,0.55100934
28.65509033203125,0.3088529129862002,35.717676754573,0.25670683,0.25020054,0.25415991,0.24964904
21.872802734375,0.16900524262675637,24.467191472259707,0.54031037,0.53450196,0.53968,0.53437444
32.81427001953125,0.33558974575630696,22.292311628625633,0.60920526,0.60420691,0.6089138,0.60380329
8.436065673828125,0.08687229274080414,30.558303178815855,0.38835731,0.37622345,0.38809591,0.37562807
18.522750854492188,0.3137504027599712,32.34512059199646,0.23600302,0.2281555,0.2310701,0.22893446
24.93609619140625,0.09950556528459263,38.5039061816775,0.25640015,0.25318777,0.25429867,0.25303412
14.75445556640625,0.1508712618521757,21.83772379842947,0.61407441,0.60813919,0.61172221,0.60820004
62.07063293457031,0.42295090945829483,48.228863289926906,0.05713765,0.04917018,0.05797981,0.04897922
20.840316772460938,0.04733662725024472,29.920051165762985,0.42663059,0.41990729,0.42476799,0.42037228
14.696975708007812,0.38775803382911755,27.82565298901494,0.46048213,0.45311007,0.45662395,0.45262337
12.612701416015625,0.014906313875406732,29.2797594394563,0.41272526,0.40687691,0.41271462,0.40706564
44.155853271484375,0.2802560938226705,40.331488023585614,0.06319547,0.04886257,0.05187562,0.04927894
16.035171508789062,0.17036382790152677,33.47648381151674,0.21586297,0.20931523,0.21409632,0.20914895
28.933197021484375,0.017378396618064902,39.67067257711918,0.25339479,0.24667231,0.25362026,0.24697154
12.597091674804688,0.41682058871270405,27.24847207277709,0.46354762,0.4541058,0.45842301,0.45311906
17.8131103515625,0.2658524253259748,28.56620502473799,0.40678355,0.29253007,0.29448573,0.2925711
40.18965148925781,0.347140261515421,45.617251417255346,0.12069399,0.11466337,0.11618997,0.1144756
24.6468505859375,0.0,33.91008643115074,0.35708148,0.34974903,0.3548867,0.35040495
20.547637939453125,0.2657377789098739,33.36222314949637,0.3108685,0.24212106,0.24487266,0.24237535
14.548934936523438,0.011487930044973801,24.53232163010931,0.48881707,0.48234696,0.4878243,0.48243237
19.873580932617188,0.7616401854737797,36.237850583386596,0.15985691,0.15370416,0.15603267,0.15446342
29.554855346679688,0.07899316806954126,36.37972937243555,0.30118406,0.29533312,0.29989507,0.29532724
20.182998657226562,0.16542169811770135,37.02536386129029,0.30480674,0.29461464,0.30098638,0.29492273
48.57354736328125,0.37390581941567463,24.50377447444022,0.56079947,0.55566758,0.56089136,0.55580594
13.118453979492188,0.06455367725357826,37.23550638595684,0.28580802,0.28068243,0.28769383,0.28058508
21.812835693359375,0.23439080256385975,33.49750634262222,0.3547116,0.34758766,0.3502538,0.3470981
15.790130615234375,0.39893682901659594,20.27160170790188,0.46024883,0.45076824,0.45707817,0.45106628
47.42546081542969,0.11442476645113624,39.25335574065075,0.26765682,0.26318518,0.26863125,0.26283505
45.009765625,0.28462601591166753,43.35068665080443,0.1590374,0.15228927,0.15387314,0.1520164
69.00408935546875,0.42163399167124166,39.516571582836384,0.2753321,0.27093513,0.27828317,0.27126524
17.065399169921875,0.0769567065326882,28.571839125218094,0.33736982,0.26818755,0.28046828,0.26856072
32.14814758300781,0.3827837198835972,44.54499307061731,0.08054353,0.06452962,0.06674236,0.06456916
33.15065002441406,0.2175601760243965,48.00352702830705,0.03642569,0.03139464,0.0351993,0.03199376
15.329132080078125,0.45238751841776453,30.867153852642428,0.37378098,0.36318658,0.36622884,0.3634513
18.994125366210938,0.05183607273235759,38.954955338354594,0.27578175,0.26859867,0.27280113,0.26897424
16.573699951171875,0.40668604668771147,33.961528963089336,0.37738103,0.37406829,0.38024181,0.37393669
20.50775146484375,0.03239956592606314,32.12074107298519,0.41147038,0.40458506,0.41034799,0.40420657
15.6298828125,0.42427951282517923,27.47830602823369,0.45448783,0.44791824,0.45327033,0.44753508
23.143142700195312,0.03576396723786852,32.31198918167885,0.44288154,0.436928,0.44234381,0.43684187
20.359603881835938,0.08615040529600393,38.785980662108706,0.11351744,0.10199144,0.10879113,0.1022246
20.6192626953125,0.20517464094927085,37.86817936114466,0.20145713,0.19320338,0.1964407,0.19301768
21.746658325195312,0.3903825507039205,39.73571308052009,0.24109218,0.23374379,0.23641908,0.23422283
23.742156982421875,0.08403015064627525,28.550851771979783,0.48935023,0.48525145,0.4903118,0.48536348
14.569290161132812,0.10195974308201863,28.4800827071224,0.37620452,0.36952678,0.37407175,0.36938591
17.952133178710938,0.15140221443105822,30.391756482000936,0.34894389,0.34191329,0.34486731,0.34176248
13.416168212890625,0.5031901458619736,23.355080556020045,0.51510973,0.50855803,0.51268123,0.50882824
29.407211303710938,0.10933341850873558,40.014279946225436,0.23571591,0.2277298,0.23321848,0.22756606
24.812591552734375,0.10686873681528467,32.49523079313427,0.29716076,0.24096831,0.24663678,0.24101281
5.6800994873046875,0.050573662061018605,13.950020462582597,0.76936264,0.7661502,0.76917318,0.76567568
17.49029541015625,0.2024324090089325,34.6853461903804,0.29894838,0.28289746,0.28826798,0.28281203
15.369232177734375,0.025234175435466234,29.208345549969437,0.41944757,0.41577778,0.42101917,0.41576849
16.88525390625,0.037063664407100586,23.960428502933063,0.54826297,0.54390042,0.54799607,0.543975
29.041854858398438,0.05940045451985824,32.73692572719738,0.37932076,0.37493916,0.38006525,0.37479213
12.150650024414062,0.009430143553214787,33.86401222262357,0.32352503,0.31741788,0.32359385,0.31696957
15.320541381835938,0.03364435664678343,31.57796100852156,0.38660684,0.37984896,0.38676662,0.37929327
56.947906494140625,0.21663775085798737,40.951875627139,0.22180887,0.21825962,0.22334308,0.21810874
41.21124267578125,0.2684837597155773,40.037126678767095,0.12059637,0.10821504,0.11612618,0.10940824
33.738616943359375,0.2724033023548623,39.02246076813203,0.2262619,0.19342478,0.20207438,0.193669
18.760055541992188,0.14248577667178833,26.38059132159383,0.50352967,0.49836937,0.50299717,0.49827941
123.0201416015625,0.42375939351136305,44.23242672775747,0.13600489,0.12960746,0.13448308,0.12996355
20.26922607421875,0.18950559337983441,34.82966079196564,0.2154778,0.20727278,0.21144861,0.2071578
18.142562866210938,0.18607623184549396,35.790281789852585,0.30570863,0.29789545,0.30133949,0.29812725
79.59910583496094,0.0,32.90714039114445,0.33618021,0.33164172,0.33928648,0.33103692
16.899368286132812,0.013464215507477678,31.022926902436303,0.3180435,0.31063125,0.31773184,0.31072578
17.834442138671875,0.15406851067169036,28.45116082359029,0.46237609,0.4561277,0.46075654,0.45630525
37.33689880371094,0.1619201089388351,44.22798976350678,0.13661968,0.10547313,0.10627377,0.10544273
10.011672973632812,0.05726469104687647,17.649201457349772,0.67544587,0.67045266,0.67588006,0.67031208
11.366043090820312,0.46908715802672957,17.3584948179289,0.60222971,0.59531048,0.5971491,0.59559165
24.464202880859375,0.02960128472473373,36.48616175685541,0.17665723,0.16506952,0.17025908,0.16565368
28.237472534179688,0.040433046099628035,37.0751600649566,0.14496109,0.13514756,0.14142109,0.13349847
9.359390258789062,0.3829076148018168,35.037378459541486,0.19478355,0.18654879,0.19182809,0.18622932
18.353775024414062,0.058596298249643644,29.118162461299377,0.45870988,0.45169639,0.45640395,0.45091221
14.462020874023438,0.20120171741344128,22.693423788048484,0.52131801,0.51330047,0.5153464,0.51331051
34.002777099609375,0.15582364313024882,43.555906600647056,0.2138501,0.20997919,0.21239581,0.21008837
34.703704833984375,0.02055642197100326,36.23997249464293,0.20559889,0.19688272,0.20298237,0.19693171
11.752548217773438,0.30244657242552025,21.286413192689906,0.61651183,0.60934206,0.61264657,0.60922971
11.516448974609375,0.030347346210085797,26.347257610007276,0.51424069,0.507655,0.50979802,0.50759502
35.965789794921875,0.21150047777766787,49.128284966327804,0.05337421,0.04697169,0.05098148,0.04682079
21.725433349609375,0.01630071563748623,33.649661108940066,0.27191936,0.22033203,0.2290782,0.21977882
9.597915649414062,0.34768233797063963,30.267017830167696,0.448468,0.44438624,0.45451894,0.4448434
14.223464965820312,0.05973363863359548,17.3028848581863,0.69603035,0.69166291,0.69463831,0.69152533
15.97900390625,0.30591268873290584,26.050903600206418,0.52391698,0.51728579,0.52226495,0.51762733
13.708740234375,0.08694011807776796,20.026655359091315,0.66061197,0.65516906,0.65955358,0.65530559
26.623382568359375,0.12492652437449425,36.181513519670816,0.26856097,0.25844123,0.26412507,0.25749925
15.8760986328125,0.12723442166910148,32.23193941223318,0.3440473,0.33542965,0.34023157,0.33509694
43.11616516113281,0.2808024915007383,30.69537363911742,0.46173318,0.45453791,0.46013613,0.4544832
10.321182250976562,0.03401762720621131,26.768174267479143,0.40153703,0.37932241,0.39539029,0.3794533
15.91912841796875,0.1373855461463978,25.281341861335143,0.56434756,0.55952887,0.56357747,0.55995901
19.56719970703125,0.03451832626707527,34.32371266900819,0.3004942,0.29641036,0.30294585,0.29654693
60.10966491699219,0.17280351358901386,26.086672640556337,0.53108435,0.52559534,0.53142916,0.52543989
23.053390502929688,0.24251263549035565,33.61909346418149,0.36093154,0.35494331,0.36057036,0.35440667
32.21092224121094,0.06331525990961155,39.3753337897959,0.23357975,0.22967686,0.23631886,0.22875331
17.360748291015625,0.2668194263770733,30.860750589903226,0.28584799,0.27807088,0.28058811,0.27782758
24.855422973632812,0.030737804703704102,25.22735875434897,0.50896427,0.50496203,0.51024606,0.50510775
25.762832641601562,0.06879852666127233,31.34237300804615,0.39614992,0.39155895,0.39754391,0.39174311
18.565032958984375,0.1649399034223141,24.13585592912478,0.5818469,0.57228516,0.57648313,0.57241977
14.107070922851562,0.3524625896827848,22.409791960216296,0.5131364,0.50558013,0.50735216,0.5056662
13.564239501953125,0.28093156810900854,20.446268456823745,0.57571433,0.56787267,0.56954434,0.56822885
17.150787353515625,0.07507500793574169,26.782890081773406,0.51773285,0.51233669,0.51808169,0.51210847
18.431716918945312,0.2670316193905604,28.526490502671447,0.28893913,0.28003032,0.28338161,0.28141222
27.864822387695312,0.12686243585707369,36.95707097544586,0.31095951,0.30566374,0.31185936,0.30590979
70.929931640625,0.19275434699502525,41.4294236702051,0.12307553,0.1177921,0.12400947,0.11732135
10.306900024414062,0.2375988406260038,28.138884486302675,0.45827018,0.45037451,0.45631442,0.45036156
26.374542236328125,0.06823675368451655,36.277213810305184,0.17669861,0.15049887,0.15912229,0.15047797
15.988265991210938,0.0517160390714031,33.224357963333944,0.3488926,0.34381274,0.34941472,0.34343311
63.79051208496094,0.46072974316480986,43.752498224893415,0.0638754,0.05545205,0.05834386,0.0556538
63.28929138183594,0.4967548208034222,41.77606876701963,0.20453849,0.19599834,0.19841571,0.19569339
17.971572875976562,0.22810314312399238,31.54763256773174,0.33723463,0.32962148,0.33351718,0.32965605
12.166976928710938,0.2771827155282022,25.777131802142954,0.38394766,0.37363085,0.37583018,0.37370949
9.669891357421875,0.039804243127488884,18.848440606577633,0.65919577,0.65554208,0.65981808,0.6558364
40.66911315917969,0.2365147007568282,33.39790554067808,0.39949733,0.39582409,0.40379118,0.39584332
63.9854736328125,0.0,43.16520780544136,0.24080677,0.23381072,0.2353897,0.23354926
17.861679077148438,0.036540987528113085,23.645419295406793,0.5632291,0.55800669,0.56404893,0.55765774
11.962692260742188,0.04795803651343156,30.383404714893636,0.43036436,0.42415162,0.43100675,0.42404034
74.46734619140625,0.09413348329447811,39.004970147492735,0.27762853,0.26725152,0.27440686,0.26673995
13.352462768554688,0.018123154837843273,24.05944413918585,0.51511265,0.50793201,0.51276819,0.50784516
22.605133056640625,0.07805219035825219,34.67025705715842,0.39917207,0.39292422,0.39645928,0.39291786
34.602294921875,0.07700708132759396,47.5032614315007,0.12611523,0.1207571,0.12298527,0.11988634
65.17376708984375,0.0,31.92546389521744,0.4015066,0.39535704,0.40188243,0.39516162
39.665557861328125,0.4934640418689942,38.442031206285876,0.28680806,0.28167599,0.28920703,0.28180816
14.161163330078125,0.38114831036281227,26.839224650168358,0.37910404,0.3684381,0.37081324,0.36782242
60.74542236328125,0.3423812436757957,38.401957861585785,0.14393651,0.13636067,0.13960056,0.13551738
50.67265319824219,0.165337771516454,40.193704441542316,0.28219081,0.27469971,0.27718277,0.27496224
18.649459838867188,0.3193341583910484,21.840137039171957,0.52968117,0.5189033,0.52438522,0.5197392
19.072479248046875,0.2724713884716829,22.049114037274887,0.54169345,0.53727874,0.5414957,0.53666956
26.357986450195312,0.2300285930171128,40.26287202875564,0.25678921,0.25029031,0.25278178,0.25005812
25.340896606445312,0.13742243129988255,43.98090420835749,0.06148557,0.05591414,0.05845916,0.05640085
70.35818481445312,0.2100981107298394,46.962540324254164,0.16950794,0.16382357,0.16631193,0.16380438
153.45420837402344,0.37382119378289264,47.98737536578568,0.06280959,0.05528613,0.05840774,0.05509026
26.77935791015625,0.4014518141164822,39.0334985370209,0.30924504,0.30081864,0.30865293,0.30228415
15.764862060546875,0.051185142290544536,35.71631293090418,0.23860674,0.22993117,0.23356066,0.22997472
18.290374755859375,0.07660775412219291,30.091720565449364,0.41161526,0.40526868,0.41038213,0.40476077
35.64093017578125,0.02271981794923339,41.064644082784994,0.18817955,0.18434278,0.18979046,0.18381484
46.15379333496094,0.08655284842265275,34.24194582583606,0.3512596,0.34375123,0.34856805,0.34417028
32.041748046875,0.21564757858723357,37.74562870703211,0.13450904,0.1186941,0.12223806,0.11760801
78.92807006835938,0.18635865163108217,31.899979927661217,0.45137463,0.44504661,0.45123866,0.44514348
17.431716918945312,0.4417145004165623,34.33519983361216,0.30767436,0.29868984,0.30045166,0.29849753
24.652664184570312,0.06956233576494922,36.01957915630732,0.33480444,0.32899774,0.33368016,0.32861138
26.670028686523438,0.0,39.55335423731219,0.30364714,0.29993095,0.30645145,0.3000298
33.042572021484375,0.15342141447689284,40.76354232727826,0.17426355,0.16950886,0.17379344,0.16997194
18.996719360351562,0.14688407219488797,29.824236247773705,0.40964177,0.40193014,0.40669514,0.40263674
56.31172180175781,0.5460186586518205,52.273489085617314,0.01725029,0.01599292,0.0163928,0.01565379
21.59210205078125,0.05736757838611683,32.05298407840144,0.4143636,0.40918908,0.41345351,0.40906638
30.034164428710938,0.17493961901226826,41.24258587359948,0.1721114,0.16762728,0.17169003,0.16782384
14.471847534179688,0.046614631814785056,18.931606177318717,0.64664443,0.64297418,0.64610931,0.64311351
22.545501708984375,0.1793577125354145,35.486474146614555,0.30429228,0.29803624,0.30548776,0.29818358
11.623977661132812,0.013849056585173245,34.25826203696902,0.3388099,0.33131688,0.3373328,0.33093361
96.08915710449219,0.0,43.022604765225715,0.24952419,0.24715518,0.25468676,0.24728643
9.889373779296875,0.4310521476241278,17.14079904380035,0.66148132,0.65399453,0.65530528,0.6540467
23.53717041015625,0.0776732879665227,34.1952059430574,0.37835564,0.37183538,0.37622123,0.37169857
113.08792114257812,0.0,55.200374510707725,0.01167123,0.00933451,0.01007873,0.0095504
30.849517822265625,0.054263799892502296,39.540675751094014,0.27547032,0.27138424,0.27549243,0.2709317
20.190170288085938,0.14966352437994188,40.370875378089075,0.21413529,0.20992151,0.21448856,0.21001596
59.90263366699219,0.09811718884318614,40.82892129530942,0.13955179,0.13158307,0.13562073,0.13183583
145.41871643066406,0.0,53.16821569089682,0.01467244,0.01331947,0.01447192,0.01334948
12.736557006835938,0.016697240556893953,33.348540479959745,0.36226028,0.35490632,0.36152355,0.35525384
34.85722351074219,0.33959178911002563,36.31955173339003,0.28672182,0.27951142,0.28799198,0.27956798
52.78907775878906,0.38424162815279955,39.563969037053226,0.26235466,0.25241911,0.25883557,0.25466158
18.261001586914062,0.18156258913800793,23.1719606256204,0.54349273,0.53737078,0.54350706,0.53750953
47.47431945800781,0.21861506149629495,36.19138996814084,0.35639973,0.35259396,0.35717121,0.3528648
19.909942626953125,0.25130424528183226,28.681218485368213,0.47982544,0.47352216,0.47884924,0.47358541
6.503204345703125,0.029511976069538978,15.315484976327909,0.72482867,0.72112865,0.72461977,0.72108253
58.44911193847656,0.0,29.912632898292422,0.44928531,0.44352317,0.4491605,0.44335253
10.0098876953125,0.08819517603348373,24.374543485573284,0.57277605,0.56728103,0.57307411,0.56747659
60.23931884765625,0.0,31.33245197340091,0.43166845,0.42517648,0.43127697,0.42480217
9.497940063476562,0.22407149110025457,24.95732351717459,0.55378586,0.54774551,0.55329538,0.54757874
10.67669677734375,0.061214260273287045,18.22797833485292,0.66067411,0.65652479,0.65861559,0.65627919
39.27079772949219,0.18874709024740352,27.956581860404437,0.51498703,0.50899661,0.51470337,0.50938529
14.390594482421875,0.24881075642469788,26.139894030442278,0.50775821,0.50135382,0.50571141,0.50125226
39.0782470703125,0.19226553046749645,44.181217176479834,0.17753341,0.16597037,0.17248102,0.16597543
10.746307373046875,0.05840458016156863,29.830184066802534,0.38003534,0.37063866,0.37850359,0.37060952
92.10765075683594,0.0,42.433937114600376,0.22107822,0.21453624,0.22224019,0.21401411
44.01251220703125,0.24747060476010793,30.710467062498598,0.43097579,0.42508334,0.4320352,0.42518389
51.76023864746094,0.0,31.176273867225596,0.42764411,0.41984654,0.42539749,0.42041735
28.233871459960938,0.08134479253372569,37.43877415515608,0.27358679,0.26609451,0.26843883,0.26599951
15.894119262695312,0.17270010759299378,26.377545523767377,0.44574529,0.43283942,0.44057553,0.43330496
15.651702880859375,0.04940325531549518,29.667174136613966,0.47090362,0.46500738,0.47087736,0.46501419
19.653656005859375,0.10970293718222077,34.29191767310183,0.29704254,0.29152805,0.29810266,0.29190201
13.733154296875,0.1391172455139358,31.597250469257567,0.40094995,0.39452399,0.39991516,0.39443882
20.9876708984375,0.0,33.20259148425691,0.27451501,0.26566453,0.26958924,0.26508876
48.9151611328125,0.0,30.565022358123915,0.46229811,0.45653093,0.45999065,0.45563448
16.139801025390625,0.059781407221419516,26.789691874175855,0.41073332,0.40592792,0.41204513,0.40563331
56.95326232910156,0.39900514121649294,47.81757876373108,0.1343344,0.1321693,0.13818212,0.13175541
9.913421630859375,0.3273439726607295,24.104551599423985,0.42675469,0.41247367,0.41540463,0.41297451
10.138748168945312,0.48003283687396514,22.192468569824364,0.48184348,0.47103801,0.47461962,0.47106138
22.608123779296875,0.05038252953256368,29.241267432057704,0.46409041,0.45723395,0.4628423,0.45781331
16.325775146484375,0.1879753000211905,21.226977251984284,0.62694957,0.62267373,0.62716596,0.62273689
24.586959838867188,0.05941294049971132,31.43154203058252,0.42347197,0.41795453,0.42251324,0.41797416
12.656890869140625,0.023821707011089616,32.83595747850046,0.39099685,0.38525994,0.391621,0.38515302
19.170562744140625,0.12050260142958705,39.95517890946281,0.13358745,0.11848275,0.12246483,0.11850646
12.838912963867188,0.5233614366321483,22.122913879087637,0.53042488,0.52562056,0.52680469,0.52503433
15.381622314453125,0.021767859925243743,26.124883686444782,0.42169867,0.41518446,0.42140903,0.41506474
18.51336669921875,0.30883344410458535,31.093433500119804,0.33406426,0.30426855,0.30685017,0.30453951
107.31607055664062,0.47686255687001783,41.56979633373196,0.07211773,0.06332015,0.06932721,0.06375468
20.21124267578125,0.05906989881766401,23.84436992995289,0.57837256,0.57343975,0.57799943,0.5738309
22.415069580078125,0.0,34.350603982329844,0.22959568,0.22392419,0.22899185,0.22381135
22.50189208984375,0.07698813526130723,31.776745995705333,0.3876951,0.37875762,0.38500186,0.37865803
41.11470031738281,0.0,21.491262508884947,0.61811778,0.6139403,0.6181957,0.61351975
52.29359436035156,0.0,28.78038670237564,0.46138364,0.44949217,0.45843472,0.44984695
11.0914306640625,0.0965486110826793,22.04818080943577,0.60320002,0.59886001,0.60377658,0.5987991
24.172744750976562,0.32078493349458415,37.12929141412913,0.22087881,0.21102385,0.21735873,0.21089067
60.08464050292969,0.0,37.06871582584788,0.32853358,0.31972113,0.32827866,0.31971542
23.034988403320312,0.04426978956772787,34.61326475642074,0.28542444,0.27923216,0.28642584,0.27962903
16.281326293945312,0.19706817580745756,29.24147507359269,0.38702757,0.37787449,0.38226663,0.37918406
51.485076904296875,0.5579599873991742,50.56190108686961,0.02049459,0.01424607,0.01508273,0.01401573
17.781417846679688,0.4100408289318905,29.69202319237411,0.36592488,0.35752608,0.36088498,0.35763102
93.32032775878906,0.6200175855514415,46.35473603231958,0.17184708,0.16434367,0.1671104,0.164442
69.54905700683594,0.38534547829622456,29.992226466046183,0.34232329,0.32743196,0.33696436,0.32729817
117.57156372070312,0.0,43.34604969964143,0.17302308,0.16778,0.17446265,0.16837878
18.221298217773438,0.0,29.512145870798367,0.39887721,0.39255851,0.39871344,0.39269176
29.641204833984375,0.41342484231494203,28.858597516261682,0.50096485,0.49460114,0.49727684,0.4948296
69.56513977050781,0.0,34.853785348781635,0.24160492,0.23033593,0.23934201,0.23022621
17.496063232421875,0.00813961674448031,30.122320186545927,0.30679784,0.30027498,0.30771904,0.3000598
10.628067016601562,0.15135917226925136,41.65098617879427,0.25363201,0.24924763,0.2522574,0.24892897
81.12257385253906,0.15912633277070612,31.206477504314243,0.45025991,0.44485331,0.45117307,0.4445144
21.925491333007812,0.10002233817446324,28.470679675733507,0.48102291,0.47454849,0.47893228,0.47471993
17.661972045898438,0.062171716487344694,22.395957329124254,0.5713633,0.56545919,0.57034044,0.56523748
20.296310424804688,0.015410891838487524,37.81673027253179,0.21368295,0.20741199,0.21445668,0.20747462
18.223419189453125,0.18831324491518897,39.13190655084508,0.14708407,0.11630549,0.11860966,0.11666373
23.845611572265625,0.454965635707256,35.34208661909095,0.2744337,0.26861354,0.27015865,0.26780407
79.38334655761719,0.0,32.1164013058156,0.35782074,0.3491157,0.35821957,0.34937332
22.648345947265625,0.31028618458049445,44.265194831559356,0.03622991,0.03051484,0.03660681,0.0315536
19.763046264648438,0.5176412200719269,24.492491238965147,0.5925306,0.58807523,0.593137,0.58814171
17.060531616210938,0.6120217319586945,22.8716275932411,0.41554143,0.40527899,0.41057745,0.40629997
20.403366088867188,0.29030204233662465,38.36700248902731,0.25008324,0.21923852,0.222321,0.21941975
14.43365478515625,0.062826571811098,30.938186721138038,0.41520775,0.40825196,0.4153466,0.40815431
7.64013671875,0.31971318500357293,19.582479689837164,0.53495626,0.51854769,0.5278463,0.51791236
19.644683837890625,0.26486482227020186,33.295501750190624,0.29440737,0.28610557,0.28789481,0.28534311
15.330551147460938,0.06983846433074115,21.33854785849784,0.63987368,0.63483511,0.63844217,0.63526441
34.552947998046875,0.26473069064251925,38.45404640116566,0.32354774,0.31686525,0.31774078,0.31700326
20.319793701171875,0.14605249335093035,32.31088867265846,0.38039996,0.37542402,0.38092112,0.37630589
39.91947937011719,0.4064546388759192,32.03238326750187,0.35226205,0.33910295,0.350661,0.33895044
23.392898559570312,0.06144822872655878,40.29655292848257,0.22642114,0.2211054,0.22587812,0.22165633
18.682373046875,0.09188184812559536,27.408551942056512,0.47396884,0.46700063,0.47363235,0.46838376
91.76676940917969,0.39514234868726406,38.78106258877129,0.29269115,0.28567682,0.29077654,0.285446
39.903717041015625,0.0,33.5105836482001,0.36237583,0.35448014,0.36086535,0.35388865
17.89306640625,0.23746602387772986,23.349772113796803,0.47582867,0.4671858,0.47574047,0.46728708
68.36453247070312,0.0,37.34238404160807,0.32365116,0.32011558,0.3240823,0.3200526
13.596160888671875,0.03186816911194321,30.07688991881619,0.40835856,0.40256712,0.40895517,0.40225622
9.414901733398438,0.04732579697319543,32.088004666164835,0.37677003,0.36944875,0.37758574,0.3692872
32.708587646484375,0.13840615699920902,27.179027410209144,0.49410472,0.48769549,0.4942456,0.48720233
15.570907592773438,0.20844391381151625,31.528149582395983,0.35641681,0.34928801,0.35391083,0.34946735
19.8690185546875,0.17923654457688393,33.01909679850862,0.29179235,0.28342636,0.28611625,0.28372275
22.059417724609375,0.06113531792006976,34.026924430784206,0.37040895,0.3625244,0.3700632,0.36282488
17.046112060546875,0.02437463475305457,22.3470276649203,0.59940509,0.59336862,0.5990231,0.59407826
17.922882080078125,0.20942276219223252,38.38370429578151,0.29475279,0.29128871,0.29712883,0.29106198
20.767364501953125,0.17728403140236423,28.701313124378515,0.5136334,0.50953379,0.5137852,0.50970815
19.80523681640625,0.3333557964753172,29.04096697934165,0.41228276,0.40218132,0.4111347,0.40237415
12.181808471679688,0.3794768645122488,25.01258440455873,0.53374849,0.52482347,0.53180833,0.5245833
19.923355102539062,0.06312850194032922,36.48222342617256,0.31505161,0.30813499,0.31374832,0.30796757
19.249786376953125,0.18827795738454456,38.305304854394294,0.25863635,0.25473402,0.26262018,0.25448618
111.25729370117188,0.5033642325242811,38.624939873399036,0.14176476,0.13459741,0.14396245,0.13467551
15.494338989257812,0.05295605507561929,19.996415345768845,0.60118131,0.59509662,0.59895291,0.59528379
18.729446411132812,0.37235787482855676,31.441351172212947,0.421971,0.41522342,0.42083082,0.41501469
19.896347045898438,0.31986093292722056,32.918363465608124,0.29253112,0.22609413,0.22750732,0.22591868
10.321731567382812,0.09393043041423728,35.87797466636937,0.30750211,0.30287236,0.30983279,0.30272001
17.663070678710938,0.10576794782659826,35.733200206462875,0.27092573,0.26598008,0.27186334,0.26589144
15.323944091796875,0.2218363390944221,29.76390878508555,0.41984433,0.41409367,0.41998185,0.41376375
18.839508056640625,0.3707999208105511,24.708836632119905,0.57446695,0.56807331,0.57432787,0.56902827
19.198654174804688,0.04719084457021063,38.52589000367335,0.28011604,0.27322013,0.2772005,0.27292084
13.722610473632812,0.02361306693047009,31.967553263487606,0.35032675,0.34359332,0.35040525,0.34367725
18.7503662109375,0.017474475399314498,42.23705375546336,0.1040135,0.0998634,0.10499341,0.10037826
25.895645141601562,0.34353238586916046,34.94284281012165,0.27074815,0.26524581,0.26998928,0.26562152
14.167709350585938,0.0,23.401878650250453,0.54317484,0.5348449,0.5416456,0.53623309
24.090530395507812,0.0891471347869772,30.63233759540253,0.43605415,0.43144811,0.43772558,0.43123773
13.676406860351562,0.12729122419676508,29.36208982663652,0.4529084,0.44651917,0.4506334,0.44647915
51.87345886230469,0.3859084774362161,27.954281091844265,0.48617918,0.48022409,0.48562479,0.48030975
15.398941040039062,0.20151491661328808,37.761967673452446,0.29385128,0.28368913,0.29015262,0.28356295
12.455825805664062,0.20164713518248126,21.950728600378984,0.54728724,0.54297779,0.55060591,0.54327694
16.392410278320312,0.6138263264949336,42.00562424936363,0.24727536,0.23982928,0.24330395,0.23950729
52.694427490234375,0.1529458521687659,27.599780654686224,0.46588931,0.45930995,0.46678686,0.45949131
37.51112365722656,0.43713321124254645,23.27821026877964,0.57881764,0.57261929,0.57957642,0.57277284
21.969970703125,0.1824168593491528,29.26554481663194,0.41451834,0.40730228,0.4137304,0.40763853
14.334854125976562,0.0,30.06184850997842,0.36901206,0.36047208,0.36452829,0.36141004
55.63429260253906,0.21508586898528356,33.791747102227674,0.38364447,0.37785636,0.38488235,0.37754973
20.647796630859375,0.1499267303417528,26.16148651864005,0.51840098,0.51072664,0.51371353,0.51080859
12.535873413085938,0.0774500925610847,19.309349526382377,0.66140523,0.65825523,0.66169319,0.6578556
17.414794921875,0.24878185192342778,22.073734127846688,0.61276702,0.60599769,0.60976961,0.60608415
30.221237182617188,0.10724895346884208,35.15441981884946,0.34795577,0.34081281,0.34732523,0.34048058
19.639984130859375,0.04786286176325765,31.885736346797067,0.37694721,0.36876835,0.37458151,0.36897967
14.076431274414062,0.1063224370082367,27.063894519763952,0.4684909,0.46112275,0.46929084,0.46097804
22.868362426757812,0.12067823033821035,26.75503188918677,0.51125087,0.50771081,0.51251221,0.50745671
12.749862670898438,0.015605878169122343,34.591109669000744,0.36618019,0.35983785,0.36509318,0.3595288
16.820205688476562,0.5005676526950751,23.456376062253035,0.51551575,0.5085229,0.51056854,0.50924686
9.542068481445312,0.00901960861393352,23.78586915215704,0.54611595,0.53961909,0.5442232,0.53973421
25.724227905273438,0.3608951565038751,33.303268552437615,0.3589712,0.35157205,0.35434604,0.3520307
33.12055969238281,0.08554920063267035,39.08324988218556,0.20588972,0.200125,0.20187309,0.20052582
25.277969360351562,0.2491721458655008,32.653828246513626,0.3784245,0.37288035,0.3817366,0.3730853
15.572189331054688,0.036106885636451584,31.816566346727534,0.29019106,0.27560619,0.28708554,0.27517351
16.551223754882812,0.38991867532788393,27.35914276261489,0.43331038,0.42559267,0.43082482,0.42558586
9.602066040039062,0.08050803842369553,38.50636819816891,0.23537375,0.22906356,0.23652138,0.22922703
10.576263427734375,0.10383980243753664,37.42305174384085,0.15091538,0.13238941,0.14415093,0.13227494
14.907440185546875,0.5137870058055313,26.174710323295205,0.48256353,0.47510763,0.47936038,0.47497522
17.886383056640625,0.06014393465406849,26.608390952238636,0.48488651,0.47936432,0.4852556,0.47945112
45.402130126953125,0.0,22.844342660514666,0.59475135,0.59001258,0.59541762,0.58960056
22.033599853515625,0.1564703895756854,34.83209164451269,0.27277503,0.26521189,0.27041168,0.26500946
83.08061218261719,0.28368343670932344,32.57256446529607,0.30741212,0.30277299,0.3108189,0.30269383
14.796844482421875,0.4203252006519343,21.481201928097633,0.5270181,0.51866499,0.52478336,0.51836418
51.694427490234375,0.0,30.33301634615101,0.44603093,0.43692802,0.4423443,0.43670516
24.18707275390625,0.2307416401994572,42.220554689624706,0.21776503,0.2089844,0.21315905,0.20908459
10.232192993164062,0.07352372709039137,35.54134846864004,0.35350013,0.34585822,0.35226312,0.34519554
26.588638305664062,0.5136557288508968,30.994962157302755,0.40337374,0.4006462,0.40792253,0.40011657
41.37568664550781,0.0289426850661027,32.10925036603092,0.26913851,0.25913633,0.26367517,0.25857925
16.585250854492188,0.11763486329305041,40.60021079754684,0.18226812,0.17860674,0.18735157,0.17838857
77.67037963867188,0.1797856538072579,34.634330438486224,0.32934543,0.31305942,0.320486,0.31268594
60.46443176269531,0.0,30.435383541444224,0.43706895,0.42947853,0.43761654,0.4291257
8.24371337890625,0.05304629101048753,26.679998742265276,0.48122146,0.47457051,0.48121348,0.47474872
21.569473266601562,0.24616178402464614,28.55065575614425,0.48653276,0.48086728,0.48391017,0.48079328
56.06544494628906,0.014663921048536165,39.64406664711801,0.04914816,0.04311378,0.04842839,0.04352594
36.91192626953125,0.5236682971787334,39.67654305247132,0.21330949,0.20833187,0.21278093,0.20794713
15.832015991210938,0.3946976439088747,25.041272437482377,0.46237623,0.42874578,0.43867361,0.42930273
14.566146850585938,0.3671947938543675,33.9320542465139,0.36962381,0.36314278,0.36843668,0.36328249
19.331253051757812,0.2949891493937163,28.84928868430501,0.49098505,0.48589906,0.48894911,0.48611945
25.286117553710938,0.22566109945044058,28.68664823750334,0.20924566,0.17971586,0.18749679,0.17817394
92.87080383300781,0.11106226678881302,34.23263687698207,0.35746703,0.34958615,0.35732378,0.34956164
14.232589721679688,0.11339119294316373,31.06813541166697,0.3704578,0.36182246,0.36806336,0.36168586
29.492446899414062,0.4797088128193199,26.102471211891007,0.53526827,0.52876888,0.53426138,0.5286373
14.44390869140625,0.08822540146925262,36.16560722950341,0.29750567,0.29294968,0.29959184,0.29256419
11.080978393554688,0.6250520574878655,17.867367702850082,0.52274716,0.51842885,0.5352535,0.51867348
20.383285522460938,0.08626407277495277,46.811970432965545,0.03270794,0.02823084,0.03200516,0.02821881
15.972671508789062,0.5103050780601607,25.6348116632522,0.44651336,0.43635736,0.44038909,0.43572939
13.882888793945312,0.07642933382759165,34.98906963539486,0.37361806,0.36633916,0.37189395,0.36645846
41.637237548828125,0.13598298490310395,35.48869078499136,0.28756585,0.27792047,0.28064229,0.27746471
21.450225830078125,0.1735343690939669,34.50062651223897,0.29579081,0.29091818,0.29824672,0.29173855
8.722503662109375,0.08867026787109313,32.107968221586006,0.39818611,0.39317303,0.40199104,0.39316774
14.931427001953125,0.027286168896751273,35.69613947291259,0.32350099,0.31700481,0.3239755,0.31702761
32.665008544921875,0.19581765576306268,30.095213415721272,0.44223236,0.43547202,0.44219907,0.43573044
23.571060180664062,0.06662629983367652,39.13969247724108,0.24182009,0.23612462,0.24376538,0.23615852
77.37515258789062,0.3384812566270523,35.511477031954435,0.32400785,0.31671884,0.32311493,0.31663112
6.3567352294921875,0.17288056939111301,12.390573097262145,0.77258653,0.76963825,0.772539,0.769502
15.543899536132812,0.011333118767304955,37.08190259565308,0.25776569,0.25019352,0.25823737,0.25117113
54.42822265625,0.37001007238761524,42.37117648799021,0.26754683,0.26062621,0.26376711,0.26141224
10.330047607421875,0.5333254058443746,13.744585720737291,0.71817311,0.71318003,0.71805885,0.71429488
31.750762939453125,0.44868226323878946,38.17284469683232,0.16052918,0.1508234,0.1556406,0.15125283
11.033279418945312,0.07159510703473411,19.849434949414565,0.62075961,0.61548418,0.62050865,0.61544372
15.056884765625,0.22029587752432125,22.8335635661401,0.52555497,0.51975774,0.52396339,0.51971538
26.282394409179688,0.24142249732540594,37.46637117771058,0.19664901,0.18810604,0.19270331,0.18973223
22.568283081054688,0.03316866882219337,41.76415188089137,0.18654025,0.18168118,0.18513982,0.18205172
16.172866821289062,0.04422067416909341,30.310816705607472,0.40708807,0.39943456,0.40548676,0.3996225
12.8902587890625,0.3348851115774625,21.738433112482657,0.52981124,0.52166983,0.52329863,0.52225704
49.48268127441406,0.07686664763491781,41.05250587618616,0.09296247,0.08784672,0.09187405,0.08802385
14.948532104492188,0.029216603666831747,35.46294882297051,0.15603387,0.1508092,0.1559522,0.15068342
8.80780029296875,0.07157119492937619,35.670466135458454,0.29435057,0.28940206,0.29617851,0.28904368
24.97723388671875,0.31363522452254156,33.25679017959297,0.30400138,0.295753,0.30013113,0.29572453